-9.14330880914792,38.7080787857025,355,Misericórdia,15805: R do Alecrim (Par (->)(26->30): R Ferragial - R Ataíde),Lixos,CV0090,90,1,90
-9.14330880914792,38.7080787857025,356,Misericórdia,15805: R do Alecrim (Par (->)(26->30): R Ferragial - R Ataíde),Lixos,CV0240,240,7,1680
-9.14330880914792,38.7080787857025,357,Misericórdia,15805: R do Alecrim (Par (->)(26->30): R Ferragial - R Ataíde),Lixos,CV0090,90,1,90
-9.14330880914792,38.7080787857025,358,Misericórdia,15805: R do Alecrim (Par (->)(26->30): R Ferragial - R Ataíde),Papel e Cartão,CV0240,240,6,1440
-9.14330880914792,38.7080787857025,359,Misericórdia,15805: R do Alecrim (Par (->)(26->30): R Ferragial - R Ataíde),Papel e Cartão,CV0090,90,1,90
-9.14337777820218,38.7080781891571,364,Misericórdia,15806: R do Alecrim (Impar (27->53)(->): R Ataíde - R Ferragial),Lixos,CV0240,240,1,240
-9.14337777820218,38.7080781891571,365,Misericórdia,15806: R do Alecrim (Impar (27->53)(->): R Ataíde - R Ferragial),Lixos,CV0140,140,6,840
-9.14337777820218,38.7080781891571,366,Misericórdia,15806: R do Alecrim (Impar (27->53)(->): R Ataíde - R Ferragial),Lixos,CV0120,120,1,120
-9.14337777820218,38.7080781891571,367,Misericórdia,15806: R do Alecrim (Impar (27->53)(->): R Ataíde - R Ferragial),Lixos,CV0090,90,2,180
-9.14337777820218,38.7080781891571,368,Misericórdia,15806: R do Alecrim (Impar (27->53)(->): R Ataíde - R Ferragial),Lixos,CV0240,240,1,240
-9.14337777820218,38.7080781891571,369,Misericórdia,15806: R do Alecrim (Impar (27->53)(->): R Ataíde - R Ferragial),Lixos,CV0140,140,6,840
-9.14337777820218,38.7080781891571,370,Misericórdia,15806: R do Alecrim (Impar (27->53)(->): R Ataíde - R Ferragial),Lixos,CV0120,120,1,120
-9.14337777820218,38.7080781891571,360,Misericórdia,15806: R do Alecrim (Impar (27->53)(->): R Ataíde - R Ferragial),Lixos,CV0090,90,2,180
-9.14337777820218,38.7080781891571,361,Misericórdia,15806: R do Alecrim (Impar (27->53)(->): R Ataíde - R Ferragial),Papel e Cartão,CV0140,140,2,280
-9.14337777820218,38.7080781891571,362,Misericórdia,15806: R do Alecrim (Impar (27->53)(->): R Ataíde - R Ferragial),Papel e Cartão,CV0090,90,1,90
-9.14337777820218,38.7080781891571,363,Misericórdia,15806: R do Alecrim (Impar (27->53)(->): R Ataíde - R Ferragial),Papel e Cartão,CA0090,90,1,90
-9.14348180670535,38.7073026157039,371,Misericórdia,15807: R do Alecrim (Impar (5->25)(->): R Ferragial - Pc Duque da Terceira),Lixos,CV0240,240,1,240
-9.14348180670535,38.7073026157039,372,Misericórdia,15807: R do Alecrim (Impar (5->25)(->): R Ferragial - Pc Duque da Terceira),Lixos,CV0140,140,3,420
-9.14348180670535,38.7073026157039,373,Misericórdia,15807: R do Alecrim (Impar (5->25)(->): R Ferragial - Pc Duque da Terceira),Lixos,CV0240,240,1,240
-9.14348180670535,38.7073026157039,374,Misericórdia,15807: R do Alecrim (Impar (5->25)(->): R Ferragial - Pc Duque da Terceira),Lixos,CV0140,140,3,420
-9.14348180670535,38.7073026157039,375,Misericórdia,15807: R do Alecrim (Impar (5->25)(->): R Ferragial - Pc Duque da Terceira),Papel e Cartão,CV0240,240,1,240
-9.14348180670535,38.7073026157039,376,Misericórdia,15807: R do Alecrim (Impar (5->25)(->): R Ferragial - Pc Duque da Terceira),Papel e Cartão,CV0140,140,1,140
-9.14255098678099,38.7073286838222,377,Misericórdia,15808: R Corpo Santo (Ambos (->)(10->26): Lg Corpo Santo - Tv Corpo Santo),Lixos,CV0140,140,2,280
-9.14255098678099,38.7073286838222,378,Misericórdia,15808: R Corpo Santo (Ambos (->)(10->26): Lg Corpo Santo - Tv Corpo Santo),Lixos,CV0240,240,4,960
-9.14255098678099,38.7073286838222,379,Misericórdia,15808: R Corpo Santo (Ambos (->)(10->26): Lg Corpo Santo - Tv Corpo Santo),Lixos,CV0140,140,2,280
-9.14255098678099,38.7073286838222,380,Misericórdia,15808: R Corpo Santo (Ambos (->)(10->26): Lg Corpo Santo - Tv Corpo Santo),Lixos,CV0240,240,4,960
-9.14276596081499,38.7070836135523,381,Misericórdia,15809: Tv Corpo Santo (Ambos (->)(->): R Corpo Santo - R Bernardino da Costa),Lixos,CV0140,140,2,280
-9.14276596081499,38.7070836135523,382,Misericórdia,15809: Tv Corpo Santo (Ambos (->)(->): R Corpo Santo - R Bernardino da Costa),Lixos,CV0120,120,1,120
-9.1426225690344,38.7066975168166,383,Misericórdia,15810: Tv Corpo Santo (Ambos (->)(->): R Bernardino da Costa - Cais do Sodré),Lixos,CV0240,240,4,960
-9.1426225690344,38.7066975168166,384,Misericórdia,15810: Tv Corpo Santo (Ambos (->)(->): R Bernardino da Costa - Cais do Sodré),Lixos,CV0240,240,4,960
-9.1426225690344,38.7066975168166,385,Misericórdia,15810: Tv Corpo Santo (Ambos (->)(->): R Bernardino da Costa - Cais do Sodré),Papel e Cartão,CV0240,240,1,240
-9.14240835587344,38.7069966274245,386,Misericórdia,15811: R Bernardino da Costa (Ambos (7->29)(->22): Lg Corpo Santo - Tv Corpo Santo),Lixos,CV0140,140,3,420
-9.14240835587344,38.7069966274245,387,Misericórdia,15811: R Bernardino da Costa (Ambos (7->29)(->22): Lg Corpo Santo - Tv Corpo Santo),Lixos,CV0240,240,4,960
-9.14240835587344,38.7069966274245,388,Misericórdia,15811: R Bernardino da Costa (Ambos (7->29)(->22): Lg Corpo Santo - Tv Corpo Santo),Lixos,CV0140,140,3,420
-9.14240835587344,38.7069966274245,389,Misericórdia,15811: R Bernardino da Costa (Ambos (7->29)(->22): Lg Corpo Santo - Tv Corpo Santo),Lixos,CV0240,240,4,960
-9.14240835587344,38.7069966274245,390,Misericórdia,15811: R Bernardino da Costa (Ambos (7->29)(->22): Lg Corpo Santo - Tv Corpo Santo),Papel e Cartão,CV0240,240,1,240
-9.14305015543156,38.7068559589223,391,Misericórdia,15812: R Bernardino da Costa (Ambos (35->45)(32->54): Tv Corpo Santo - Pc Duque da Terceira),Lixos,CV0140,140,5,700
-9.14305015543156,38.7068559589223,392,Misericórdia,15812: R Bernardino da Costa (Ambos (35->45)(32->54): Tv Corpo Santo - Pc Duque da Terceira),Lixos,CV0240,240,3,720
-9.14305015543156,38.7068559589223,393,Misericórdia,15812: R Bernardino da Costa (Ambos (35->45)(32->54): Tv Corpo Santo - Pc Duque da Terceira),Lixos,CV0120,120,3,360
-9.14305015543156,38.7068559589223,394,Misericórdia,15812: R Bernardino da Costa (Ambos (35->45)(32->54): Tv Corpo Santo - Pc Duque da Terceira),Lixos,CV0140,140,5,700
-9.14305015543156,38.7068559589223,395,Misericórdia,15812: R Bernardino da Costa (Ambos (35->45)(32->54): Tv Corpo Santo - Pc Duque da Terceira),Lixos,CV0240,240,3,720
-9.14305015543156,38.7068559589223,396,Misericórdia,15812: R Bernardino da Costa (Ambos (35->45)(32->54): Tv Corpo Santo - Pc Duque da Terceira),Lixos,CV0120,120,3,360
-9.1512511235953,38.7087754470349,397,Misericórdia,15813: Lg Conde-Barão (Ambos (1->57)(4->50): R da Boavista - Bqr do Duro),Lixos,CV0240,240,10,2400
-9.1512511235953,38.7087754470349,398,Misericórdia,15813: Lg Conde-Barão (Ambos (1->57)(4->50): R da Boavista - Bqr do Duro),Lixos,CV0140,140,7,980
-9.1512511235953,38.7087754470349,399,Misericórdia,15813: Lg Conde-Barão (Ambos (1->57)(4->50): R da Boavista - Bqr do Duro),Lixos,CV0090,90,1,90
-9.1512511235953,38.7087754470349,400,Misericórdia,15813: Lg Conde-Barão (Ambos (1->57)(4->50): R da Boavista - Bqr do Duro),Lixos,CV0240,240,10,2400
-9.1512511235953,38.7087754470349,401,Misericórdia,15813: Lg Conde-Barão (Ambos (1->57)(4->50): R da Boavista - Bqr do Duro),Lixos,CV0140,140,7,980
-9.1512511235953,38.7087754470349,402,Misericórdia,15813: Lg Conde-Barão (Ambos (1->57)(4->50): R da Boavista - Bqr do Duro),Lixos,CV0090,90,1,90
-9.15178946418214,38.7086356323308,406,Misericórdia,15814: Lg Conde-Barão (Ambos (25->29)(22->32): Bqr do Duro - R Mastros),Lixos,CV0120,120,2,240
-9.15178946418214,38.7086356323308,407,Misericórdia,15814: Lg Conde-Barão (Ambos (25->29)(22->32): Bqr do Duro - R Mastros),Lixos,CV0140,140,5,700
-9.15178946418214,38.7086356323308,408,Misericórdia,15814: Lg Conde-Barão (Ambos (25->29)(22->32): Bqr do Duro - R Mastros),Lixos,CV0090,90,1,90
-9.15178946418214,38.7086356323308,409,Misericórdia,15814: Lg Conde-Barão (Ambos (25->29)(22->32): Bqr do Duro - R Mastros),Lixos,CV0240,240,2,480
-9.15178946418214,38.7086356323308,410,Misericórdia,15814: Lg Conde-Barão (Ambos (25->29)(22->32): Bqr do Duro - R Mastros),Lixos,CV0120,120,2,240
-9.15178946418214,38.7086356323308,403,Misericórdia,15814: Lg Conde-Barão (Ambos (25->29)(22->32): Bqr do Duro - R Mastros),Lixos,CV0140,140,5,700
-9.15178946418214,38.7086356323308,404,Misericórdia,15814: Lg Conde-Barão (Ambos (25->29)(22->32): Bqr do Duro - R Mastros),Lixos,CV0090,90,1,90
-9.15178946418214,38.7086356323308,405,Misericórdia,15814: Lg Conde-Barão (Ambos (25->29)(22->32): Bqr do Duro - R Mastros),Lixos,CV0240,240,2,480
-9.15201897924565,38.708606605818,411,Misericórdia,15815: Lg Conde-Barão (Ambos (35->39)(34->38): R Mastros - Tv do Cais do Tojo),Lixos,CV0120,120,1,120
-9.15201897924565,38.708606605818,412,Misericórdia,15815: Lg Conde-Barão (Ambos (35->39)(34->38): R Mastros - Tv do Cais do Tojo),Lixos,CV0140,140,2,280
-9.15201897924565,38.708606605818,413,Misericórdia,15815: Lg Conde-Barão (Ambos (35->39)(34->38): R Mastros - Tv do Cais do Tojo),Lixos,CV0240,240,1,240
-9.15201897924565,38.708606605818,414,Misericórdia,15815: Lg Conde-Barão (Ambos (35->39)(34->38): R Mastros - Tv do Cais do Tojo),Lixos,CV0120,120,1,120
-9.15201897924565,38.708606605818,415,Misericórdia,15815: Lg Conde-Barão (Ambos (35->39)(34->38): R Mastros - Tv do Cais do Tojo),Lixos,CV0140,140,2,280
-9.15201897924565,38.708606605818,416,Misericórdia,15815: Lg Conde-Barão (Ambos (35->39)(34->38): R Mastros - Tv do Cais do Tojo),Lixos,CV0240,240,1,240
-9.14910552718357,38.709073383915,417,Misericórdia,15818: Tv Marquês de Sampaio (Ambos (->)(->): R da Boavista - R da Boavista),Lixos,CV0240,240,1,240
-9.14764976145157,38.708563591768,418,Misericórdia,15819: R da Boavista (Ambos (1->9)(2->32): R São Paulo - Tv Marquês de Sampaio),Lixos,CV0140,140,9,1260
-9.14764976145157,38.708563591768,419,Misericórdia,15819: R da Boavista (Ambos (1->9)(2->32): R São Paulo - Tv Marquês de Sampaio),Lixos,CV0120,120,2,240
-9.14764976145157,38.708563591768,420,Misericórdia,15819: R da Boavista (Ambos (1->9)(2->32): R São Paulo - Tv Marquês de Sampaio),Lixos,CV0240,240,3,720
-9.14764976145157,38.708563591768,421,Misericórdia,15819: R da Boavista (Ambos (1->9)(2->32): R São Paulo - Tv Marquês de Sampaio),Lixos,CV0090,90,2,180
-9.14764976145157,38.708563591768,422,Misericórdia,15819: R da Boavista (Ambos (1->9)(2->32): R São Paulo - Tv Marquês de Sampaio),Lixos,CV1100,1100,1,1100
-9.1485717796828,38.7087267228466,423,Misericórdia,15820: R da Boavista (Ambos (->)(34->84): Tv Marquês de Sampaio - Bqr dos Ferreiros),Lixos,CV0140,140,6,840
-9.1485717796828,38.7087267228466,424,Misericórdia,15820: R da Boavista (Ambos (->)(34->84): Tv Marquês de Sampaio - Bqr dos Ferreiros),Lixos,CV0240,240,2,480
-9.1485717796828,38.7087267228466,425,Misericórdia,15820: R da Boavista (Ambos (->)(34->84): Tv Marquês de Sampaio - Bqr dos Ferreiros),Lixos,CV0090,90,1,90
-9.14911344583279,38.7088210959641,426,Misericórdia,15821: R da Boavista (Ambos (45->49)(86->90): Bqr dos Ferreiros - Tv Marquês de Sampaio),Lixos,CV0140,140,2,280
-9.14911344583279,38.7088210959641,427,Misericórdia,15821: R da Boavista (Ambos (45->49)(86->90): Bqr dos Ferreiros - Tv Marquês de Sampaio),Lixos,CV0240,240,2,480
-9.14911344583279,38.7088210959641,428,Misericórdia,15821: R da Boavista (Ambos (45->49)(86->90): Bqr dos Ferreiros - Tv Marquês de Sampaio),Lixos,CV0090,90,1,90
-9.14949354638571,38.7088718347208,429,Misericórdia,"15822: R da Boavista (Ambos (51->67)(96->118): Tv Marquês de Sampaio - Pto Galega (Rua da Boavista, 118))",Lixos,CV0090,90,2,180
-9.14949354638571,38.7088718347208,430,Misericórdia,"15822: R da Boavista (Ambos (51->67)(96->118): Tv Marquês de Sampaio - Pto Galega (Rua da Boavista, 118))",Lixos,CV0120,120,1,120
-9.14949354638571,38.7088718347208,431,Misericórdia,"15822: R da Boavista (Ambos (51->67)(96->118): Tv Marquês de Sampaio - Pto Galega (Rua da Boavista, 118))",Lixos,CV0140,140,1,140
-9.14949354638571,38.7088718347208,432,Misericórdia,"15822: R da Boavista (Ambos (51->67)(96->118): Tv Marquês de Sampaio - Pto Galega (Rua da Boavista, 118))",Lixos,CV0240,240,3,720
-9.15018388371526,38.7089108606806,433,Misericórdia,"15823: R da Boavista (Ambos (69->83)(120->176): Pto Galega (Rua da Boavista, 118) - R Instituto Industrial)",Lixos,CV0140,140,12,1680
-9.15018388371526,38.7089108606806,434,Misericórdia,"15823: R da Boavista (Ambos (69->83)(120->176): Pto Galega (Rua da Boavista, 118) - R Instituto Industrial)",Lixos,CV0090,90,3,270
-9.15018388371526,38.7089108606806,435,Misericórdia,"15823: R da Boavista (Ambos (69->83)(120->176): Pto Galega (Rua da Boavista, 118) - R Instituto Industrial)",Lixos,CV0240,240,13,3120
-9.15018388371526,38.7089108606806,436,Misericórdia,"15823: R da Boavista (Ambos (69->83)(120->176): Pto Galega (Rua da Boavista, 118) - R Instituto Industrial)",Lixos,CV0120,120,1,120
-9.15079311664937,38.7089055507175,437,Misericórdia,15824: R da Boavista (Ambos (->93)(180->186): R Instituto Industrial - Lg Conde-Barão),Lixos,CV0140,140,2,280
-9.15079311664937,38.7089055507175,438,Misericórdia,15824: R da Boavista (Ambos (->93)(180->186): R Instituto Industrial - Lg Conde-Barão),Lixos,CV0120,120,1,120
-9.15079311664937,38.7089055507175,439,Misericórdia,15824: R da Boavista (Ambos (->93)(180->186): R Instituto Industrial - Lg Conde-Barão),Lixos,CV0090,90,1,90
-9.15206034846112,38.7082819634324,440,Misericórdia,15825: Tv do Cais do Tojo (Ambos (->)(->): R Cais do Tojo - R Cais do Tojo),Lixos,CV0140,140,1,140
-9.15247211372946,38.7081342433687,441,Misericórdia,15827: R Cais do Tojo (Ambos (33->57)(34->62): Av Dom Carlos I - Tv do Cais do Tojo),Lixos,CV0240,240,8,1920
-9.15247211372946,38.7081342433687,442,Misericórdia,15827: R Cais do Tojo (Ambos (33->57)(34->62): Av Dom Carlos I - Tv do Cais do Tojo),Lixos,CV0120,120,1,120
-9.15178357572543,38.7082213241484,443,Misericórdia,15828: R Cais do Tojo (Ambos (1->29)(10->30): Tv do Cais do Tojo - Bqr do Duro),Lixos,CV0090,90,1,90
-9.15178357572543,38.7082213241484,444,Misericórdia,15828: R Cais do Tojo (Ambos (1->29)(10->30): Tv do Cais do Tojo - Bqr do Duro),Lixos,CV0120,120,1,120
-9.15178357572543,38.7082213241484,445,Misericórdia,15828: R Cais do Tojo (Ambos (1->29)(10->30): Tv do Cais do Tojo - Bqr do Duro),Lixos,CV0140,140,3,420
-9.15178357572543,38.7082213241484,446,Misericórdia,15828: R Cais do Tojo (Ambos (1->29)(10->30): Tv do Cais do Tojo - Bqr do Duro),Lixos,CV0240,240,2,480
-9.15154474333579,38.7084035643017,447,Misericórdia,15830: Bqr do Duro (Ambos (->)(->): R Cais do Tojo - R Cais do Tojo),Lixos,CV0240,240,5,1200
-9.1513885281045,38.7079275125773,448,Misericórdia,15831: Bqr do Duro (Ambos (45->59)(34->54): R Cais do Tojo - R Dom Luís I),Lixos,CV0120,120,2,240
-9.1513885281045,38.7079275125773,449,Misericórdia,15831: Bqr do Duro (Ambos (45->59)(34->54): R Cais do Tojo - R Dom Luís I),Lixos,CV0090,90,1,90
-9.1513885281045,38.7079275125773,450,Misericórdia,15831: Bqr do Duro (Ambos (45->59)(34->54): R Cais do Tojo - R Dom Luís I),Lixos,CV0140,140,2,280
-9.1513885281045,38.7079275125773,451,Misericórdia,15831: Bqr do Duro (Ambos (45->59)(34->54): R Cais do Tojo - R Dom Luís I),Lixos,CV0240,240,3,720
-9.14751394875702,38.7103393147562,452,Misericórdia,"15832: Tv Santa Catarina, 4-6",Lixos,CV0240,240,1,240
-9.14751394875702,38.7103393147562,453,Misericórdia,"15832: Tv Santa Catarina, 4-6",Lixos,CV0240,240,1,240
-9.14751394875702,38.7103393147562,454,Misericórdia,"15832: Tv Santa Catarina, 4-6",Vidro,CV0240,240,1,240
-9.14856601878688,38.7099428303287,455,Misericórdia,"15833: R Ferreiros a Santa Catarina, 20",Lixos,CV0240,240,3,720
-9.14856601878688,38.7099428303287,456,Misericórdia,"15833: R Ferreiros a Santa Catarina, 20",Lixos,CV0240,240,3,720
-9.15046432876378,38.7068005850863,457,Misericórdia,15834: R Instituto Industrial (Ambos (1->5)(2->14): Av 24 de Julho - R Dom Luís I),Lixos,CV0140,140,1,140
-9.15046432876378,38.7068005850863,458,Misericórdia,15834: R Instituto Industrial (Ambos (1->5)(2->14): Av 24 de Julho - R Dom Luís I),Lixos,CV0240,240,8,1920
-9.1505486401448,38.7078807891527,459,Misericórdia,15836: R Instituto Industrial (Ambos (7->9)(16->22): R Dom Luís I - R da Boavista),Lixos,CV0240,240,23,5520
-9.1505486401448,38.7078807891527,460,Misericórdia,15836: R Instituto Industrial (Ambos (7->9)(16->22): R Dom Luís I - R da Boavista),Lixos,CV0140,140,1,140
-9.14851812420916,38.7098081294277,461,Misericórdia,"15838: R Santa Catarina, 19",Lixos,CV0240,240,4,960
-9.14851812420916,38.7098081294277,462,Misericórdia,"15838: R Santa Catarina, 19",Lixos,CV0240,240,4,960
-9.14704425203433,38.7080193757895,463,Misericórdia,15841: R Moeda (Ambos (1->11)(2->6): R São Paulo - Pc Dom Luís I),Lixos,CV0240,240,9,2160
-9.14704425203433,38.7080193757895,464,Misericórdia,15841: R Moeda (Ambos (1->11)(2->6): R São Paulo - Pc Dom Luís I),Lixos,CV0140,140,5,700
-9.14704425203433,38.7080193757895,465,Misericórdia,15841: R Moeda (Ambos (1->11)(2->6): R São Paulo - Pc Dom Luís I),Lixos,CV0240,240,9,2160
-9.14704425203433,38.7080193757895,466,Misericórdia,15841: R Moeda (Ambos (1->11)(2->6): R São Paulo - Pc Dom Luís I),Lixos,CV0140,140,5,700
-9.14614421827306,38.707783978131,467,Misericórdia,15842: Tv Carvalho (Ambos (->)(->): R Ribeira Nova - Tv Carvalho),Lixos,CV0090,90,1,90
-9.14614421827306,38.707783978131,468,Misericórdia,15842: Tv Carvalho (Ambos (->)(->): R Ribeira Nova - Tv Carvalho),Lixos,CV0090,90,1,90
-9.14563984658037,38.7078874408968,469,Misericórdia,15843: Tv Carvalho (Ambos (->)(->): Tv Carvalho - Pc São Paulo),Lixos,CV0090,90,1,90
-9.14563984658037,38.7078874408968,470,Misericórdia,15843: Tv Carvalho (Ambos (->)(->): Tv Carvalho - Pc São Paulo),Lixos,CV0140,140,4,560
-9.14563984658037,38.7078874408968,471,Misericórdia,15843: Tv Carvalho (Ambos (->)(->): Tv Carvalho - Pc São Paulo),Lixos,CV0240,240,2,480
-9.14563984658037,38.7078874408968,472,Misericórdia,15843: Tv Carvalho (Ambos (->)(->): Tv Carvalho - Pc São Paulo),Papel e Cartão,CV0090,90,1,90
-9.14563984658037,38.7078874408968,473,Misericórdia,15843: Tv Carvalho (Ambos (->)(->): Tv Carvalho - Pc São Paulo),Papel e Cartão,CV0140,140,2,280
-9.14598863635406,38.7081636570213,474,Misericórdia,15844: Tv Carvalho (Ambos (->)(->): Tv Carvalho - R São Paulo),Lixos,CV0140,140,1,140
-9.14598863635406,38.7081636570213,475,Misericórdia,15844: Tv Carvalho (Ambos (->)(->): Tv Carvalho - R São Paulo),Lixos,CV0140,140,1,140
-9.15199352638039,38.7076249751805,476,Misericórdia,15845: R Dom Luís I (Ambos (43->55)(30->42): Av Dom Carlos I - Bqr do Duro),Lixos,CV0120,120,1,120
-9.15199352638039,38.7076249751805,477,Misericórdia,15845: R Dom Luís I (Ambos (43->55)(30->42): Av Dom Carlos I - Bqr do Duro),Lixos,CV0240,240,20,4800
-9.15093562538604,38.7076071810499,478,Misericórdia,15846: R Dom Luís I (Ambos (23->27)(28->28): Bqr do Duro - R Instituto Industrial),Lixos,CV0240,240,5,1200
-9.14993558128589,38.7076158965573,479,Misericórdia,15847: R Dom Luís I (Ambos (19->21)(16->22): R Instituto Industrial - Bqr dos Ferreiros),Lixos,CV0240,240,18,4320
-9.14993558128589,38.7076158965573,480,Misericórdia,15847: R Dom Luís I (Ambos (19->21)(16->22): R Instituto Industrial - Bqr dos Ferreiros),Lixos,CV0120,120,1,120
-9.14829055489657,38.7075401361692,481,Misericórdia,15848: R Dom Luís I (Ambos (1->7)(2->12): Bqr dos Ferreiros - Pc Dom Luís I),Lixos,CV0240,240,13,3120
-9.14829055489657,38.7075401361692,482,Misericórdia,15848: R Dom Luís I (Ambos (1->7)(2->12): Bqr dos Ferreiros - Pc Dom Luís I),Lixos,CV1100,1100,4,4400
-9.14829055489657,38.7075401361692,483,Misericórdia,15848: R Dom Luís I (Ambos (1->7)(2->12): Bqr dos Ferreiros - Pc Dom Luís I),Lixos,CV0120,120,1,120
-9.14829055489657,38.7075401361692,484,Misericórdia,15848: R Dom Luís I (Ambos (1->7)(2->12): Bqr dos Ferreiros - Pc Dom Luís I),Lixos,CV0090,90,1,90
-9.14714620183592,38.707099690356,485,Misericórdia,15849: Pc Dom Luís I (Ambos (1->27)(->): R Dom Luís I - Av 24 de Julho),Lixos,CV0240,240,4,960
-9.14835399212529,38.7103950657776,486,Misericórdia,"15850: Tv Condessa do Rio, Fte 3",Lixos,CV0240,240,3,720
-9.14835399212529,38.7103950657776,487,Misericórdia,"15850: Tv Condessa do Rio, Fte 3",Lixos,CV0240,240,3,720
-9.14835399212529,38.7103950657776,488,Misericórdia,"15850: Tv Condessa do Rio, Fte 3",Embalagens,CV0240,240,1,240
-9.14671590072996,38.7075628281927,489,Misericórdia,15851: Pc Dom Luís I (Ambos (29->34)(->): R Ribeira Nova - R Dom Luís I),Lixos,CV0240,240,1,240
-9.14671590072996,38.7075628281927,490,Misericórdia,15851: Pc Dom Luís I (Ambos (29->34)(->): R Ribeira Nova - R Dom Luís I),Lixos,CV0140,140,2,280
-9.14671590072996,38.7075628281927,491,Misericórdia,15851: Pc Dom Luís I (Ambos (29->34)(->): R Ribeira Nova - R Dom Luís I),Papel e Cartão,CV0140,140,2,280
-9.14493001491084,38.7072810634258,494,Misericórdia,15852: R Ribeira Nova (Ambos (1->)(2->20): R Remolares - R Instituto Dona Amélia),Lixos,CV0140,140,1,140
-9.14493001491084,38.7072810634258,495,Misericórdia,15852: R Ribeira Nova (Ambos (1->)(2->20): R Remolares - R Instituto Dona Amélia),Lixos,CV0120,120,1,120
-9.14493001491084,38.7072810634258,496,Misericórdia,15852: R Ribeira Nova (Ambos (1->)(2->20): R Remolares - R Instituto Dona Amélia),Lixos,CV0090,90,1,90
-9.14493001491084,38.7072810634258,492,Misericórdia,15852: R Ribeira Nova (Ambos (1->)(2->20): R Remolares - R Instituto Dona Amélia),Lixos,CV0240,240,1,240
-9.14493001491084,38.7072810634258,493,Misericórdia,15852: R Ribeira Nova (Ambos (1->)(2->20): R Remolares - R Instituto Dona Amélia),Papel e Cartão,CV0240,240,1,240
-9.14585366538093,38.7075613035211,497,Misericórdia,15853: R Ribeira Nova (Ambos (->)(22->64): R Instituto Dona Amélia - Pc Dom Luís I),Lixos,CV0120,120,1,120
-9.14585366538093,38.7075613035211,498,Misericórdia,15853: R Ribeira Nova (Ambos (->)(22->64): R Instituto Dona Amélia - Pc Dom Luís I),Lixos,CV0140,140,3,420
-9.14585366538093,38.7075613035211,499,Misericórdia,15853: R Ribeira Nova (Ambos (->)(22->64): R Instituto Dona Amélia - Pc Dom Luís I),Lixos,CV0090,90,1,90
-9.14585366538093,38.7075613035211,500,Misericórdia,15853: R Ribeira Nova (Ambos (->)(22->64): R Instituto Dona Amélia - Pc Dom Luís I),Lixos,CV0240,240,2,480
-9.14585366538093,38.7075613035211,501,Misericórdia,15853: R Ribeira Nova (Ambos (->)(22->64): R Instituto Dona Amélia - Pc Dom Luís I),Papel e Cartão,CV0340,340,2,680
-9.14585366538093,38.7075613035211,502,Misericórdia,15853: R Ribeira Nova (Ambos (->)(22->64): R Instituto Dona Amélia - Pc Dom Luís I),Papel e Cartão,CV0090,90,1,90
-9.14585366538093,38.7075613035211,503,Misericórdia,15853: R Ribeira Nova (Ambos (->)(22->64): R Instituto Dona Amélia - Pc Dom Luís I),Papel e Cartão,CV0240,240,3,720
-9.14350797013798,38.7075275840864,504,Misericórdia,15855: R São Paulo (Par (->)(2->58): R Corpo Santo - R Flores),Lixos,CV0240,240,3,720
-9.14350797013798,38.7075275840864,505,Misericórdia,15855: R São Paulo (Par (->)(2->58): R Corpo Santo - R Flores),Lixos,CV0120,120,1,120
-9.14350797013798,38.7075275840864,506,Misericórdia,15855: R São Paulo (Par (->)(2->58): R Corpo Santo - R Flores),Lixos,CV0140,140,5,700
-9.14350797013798,38.7075275840864,507,Misericórdia,15855: R São Paulo (Par (->)(2->58): R Corpo Santo - R Flores),Lixos,CV0240,240,3,720
-9.14350797013798,38.7075275840864,508,Misericórdia,15855: R São Paulo (Par (->)(2->58): R Corpo Santo - R Flores),Lixos,CV0120,120,1,120
-9.14350797013798,38.7075275840864,509,Misericórdia,15855: R São Paulo (Par (->)(2->58): R Corpo Santo - R Flores),Lixos,CV0140,140,5,700
-9.14415472749814,38.7077381729183,510,Misericórdia,15856: R São Paulo (Par (->)(60->82): R Flores - Pc São Paulo),Lixos,CV0240,240,4,960
-9.14415472749814,38.7077381729183,511,Misericórdia,15856: R São Paulo (Par (->)(60->82): R Flores - Pc São Paulo),Lixos,CV0140,140,2,280
-9.14415472749814,38.7077381729183,512,Misericórdia,15856: R São Paulo (Par (->)(60->82): R Flores - Pc São Paulo),Lixos,CV0120,120,1,120
-9.14415472749814,38.7077381729183,513,Misericórdia,15856: R São Paulo (Par (->)(60->82): R Flores - Pc São Paulo),Lixos,CV0240,240,4,960
-9.14415472749814,38.7077381729183,514,Misericórdia,15856: R São Paulo (Par (->)(60->82): R Flores - Pc São Paulo),Lixos,CV0140,140,2,280
-9.14415472749814,38.7077381729183,515,Misericórdia,15856: R São Paulo (Par (->)(60->82): R Flores - Pc São Paulo),Lixos,CV0120,120,1,120
-9.14418870357883,38.707701846559,516,Misericórdia,15857: R São Paulo (Impar (49->69)(->): Pc São Paulo - Tv dos Remolares),Lixos,CV0240,240,1,240
-9.14418870357883,38.707701846559,517,Misericórdia,15857: R São Paulo (Impar (49->69)(->): Pc São Paulo - Tv dos Remolares),Lixos,CV0140,140,1,140
-9.14418870357883,38.707701846559,518,Misericórdia,15857: R São Paulo (Impar (49->69)(->): Pc São Paulo - Tv dos Remolares),Lixos,CV0240,240,1,240
-9.14418870357883,38.707701846559,519,Misericórdia,15857: R São Paulo (Impar (49->69)(->): Pc São Paulo - Tv dos Remolares),Lixos,CV0140,140,1,140
-9.14418870357883,38.707701846559,520,Misericórdia,15857: R São Paulo (Impar (49->69)(->): Pc São Paulo - Tv dos Remolares),Papel e Cartão,CV0140,140,1,140
-9.14351882987146,38.7074824516687,521,Misericórdia,15858: R São Paulo (Impar (1->47)(->): Tv dos Remolares - Tv Corpo Santo),Lixos,CV0090,90,1,90
-9.14351882987146,38.7074824516687,522,Misericórdia,15858: R São Paulo (Impar (1->47)(->): Tv dos Remolares - Tv Corpo Santo),Lixos,CV0140,140,3,420
-9.14351882987146,38.7074824516687,523,Misericórdia,15858: R São Paulo (Impar (1->47)(->): Tv dos Remolares - Tv Corpo Santo),Lixos,CV0240,240,1,240
-9.14351882987146,38.7074824516687,524,Misericórdia,15858: R São Paulo (Impar (1->47)(->): Tv dos Remolares - Tv Corpo Santo),Lixos,CV0090,90,1,90
-9.14351882987146,38.7074824516687,525,Misericórdia,15858: R São Paulo (Impar (1->47)(->): Tv dos Remolares - Tv Corpo Santo),Lixos,CV0140,140,3,420
-9.14351882987146,38.7074824516687,526,Misericórdia,15858: R São Paulo (Impar (1->47)(->): Tv dos Remolares - Tv Corpo Santo),Lixos,CV0240,240,1,240
-9.14475474461576,38.7078951146912,527,Misericórdia,15859: R São Paulo (Ambos (->)(88->118): Pc São Paulo - Pc São Paulo),Lixos,CV0090,90,3,270
-9.14475474461576,38.7078951146912,528,Misericórdia,15859: R São Paulo (Ambos (->)(88->118): Pc São Paulo - Pc São Paulo),Lixos,CV0140,140,5,700
-9.14475474461576,38.7078951146912,529,Misericórdia,15859: R São Paulo (Ambos (->)(88->118): Pc São Paulo - Pc São Paulo),Lixos,CV0240,240,2,480
-9.14475474461576,38.7078951146912,530,Misericórdia,15859: R São Paulo (Ambos (->)(88->118): Pc São Paulo - Pc São Paulo),Lixos,CV0090,90,3,270
-9.14475474461576,38.7078951146912,531,Misericórdia,15859: R São Paulo (Ambos (->)(88->118): Pc São Paulo - Pc São Paulo),Lixos,CV0140,140,5,700
-9.14475474461576,38.7078951146912,532,Misericórdia,15859: R São Paulo (Ambos (->)(88->118): Pc São Paulo - Pc São Paulo),Lixos,CV0240,240,2,480
-9.14475474461576,38.7078951146912,533,Misericórdia,15859: R São Paulo (Ambos (->)(88->118): Pc São Paulo - Pc São Paulo),Papel e Cartão,CV0140,140,1,140
-9.14552858843579,38.7081496329634,534,Misericórdia,15860: R São Paulo (Ambos (71->77)(120->178): Pc São Paulo - Tv Carvalho),Lixos,CV0090,90,3,270
-9.14552858843579,38.7081496329634,535,Misericórdia,15860: R São Paulo (Ambos (71->77)(120->178): Pc São Paulo - Tv Carvalho),Lixos,CV0240,240,3,720
-9.14552858843579,38.7081496329634,536,Misericórdia,15860: R São Paulo (Ambos (71->77)(120->178): Pc São Paulo - Tv Carvalho),Lixos,CV0140,140,11,1540
-9.14552858843579,38.7081496329634,537,Misericórdia,15860: R São Paulo (Ambos (71->77)(120->178): Pc São Paulo - Tv Carvalho),Lixos,CV0120,120,2,240
-9.14552858843579,38.7081496329634,538,Misericórdia,15860: R São Paulo (Ambos (71->77)(120->178): Pc São Paulo - Tv Carvalho),Lixos,CV0090,90,3,270
-9.14552858843579,38.7081496329634,539,Misericórdia,15860: R São Paulo (Ambos (71->77)(120->178): Pc São Paulo - Tv Carvalho),Lixos,CV0240,240,3,720
-9.14552858843579,38.7081496329634,540,Misericórdia,15860: R São Paulo (Ambos (71->77)(120->178): Pc São Paulo - Tv Carvalho),Lixos,CV0140,140,11,1540
-9.14552858843579,38.7081496329634,541,Misericórdia,15860: R São Paulo (Ambos (71->77)(120->178): Pc São Paulo - Tv Carvalho),Lixos,CV0120,120,2,240
-9.14552858843579,38.7081496329634,542,Misericórdia,15860: R São Paulo (Ambos (71->77)(120->178): Pc São Paulo - Tv Carvalho),Papel e Cartão,CV0240,240,2,480
-9.14606015123382,38.7083431936003,543,Misericórdia,15861: R São Paulo (Ambos (79->87)(180->198): Tv Carvalho - Bc da Moeda),Lixos,CV0140,140,5,700
-9.14606015123382,38.7083431936003,544,Misericórdia,15861: R São Paulo (Ambos (79->87)(180->198): Tv Carvalho - Bc da Moeda),Lixos,CV0090,90,2,180
-9.14606015123382,38.7083431936003,545,Misericórdia,15861: R São Paulo (Ambos (79->87)(180->198): Tv Carvalho - Bc da Moeda),Lixos,CV0120,120,1,120
-9.14606015123382,38.7083431936003,546,Misericórdia,15861: R São Paulo (Ambos (79->87)(180->198): Tv Carvalho - Bc da Moeda),Lixos,CV0140,140,5,700
-9.14606015123382,38.7083431936003,547,Misericórdia,15861: R São Paulo (Ambos (79->87)(180->198): Tv Carvalho - Bc da Moeda),Lixos,CV0090,90,2,180
-9.14606015123382,38.7083431936003,548,Misericórdia,15861: R São Paulo (Ambos (79->87)(180->198): Tv Carvalho - Bc da Moeda),Lixos,CV0120,120,1,120
-9.14634879700261,38.7084307669213,549,Misericórdia,15862: R São Paulo (Ambos (89->)(200->216): Bc da Moeda - Cc da Bica Grande),Lixos,CV0090,90,1,90
-9.14634879700261,38.7084307669213,550,Misericórdia,15862: R São Paulo (Ambos (89->)(200->216): Bc da Moeda - Cc da Bica Grande),Lixos,CV0140,140,2,280
-9.14634879700261,38.7084307669213,551,Misericórdia,15862: R São Paulo (Ambos (89->)(200->216): Bc da Moeda - Cc da Bica Grande),Lixos,CV0090,90,1,90
-9.14634879700261,38.7084307669213,552,Misericórdia,15862: R São Paulo (Ambos (89->)(200->216): Bc da Moeda - Cc da Bica Grande),Lixos,CV0140,140,2,280
-9.14664843006564,38.7084822125522,553,Misericórdia,15863: R São Paulo (Ambos (->)(218->226): Cc da Bica Grande - R Moeda),Lixos,CV0240,240,1,240
-9.14664843006564,38.7084822125522,554,Misericórdia,15863: R São Paulo (Ambos (->)(218->226): Cc da Bica Grande - R Moeda),Lixos,CV0140,140,1,140
-9.14664843006564,38.7084822125522,555,Misericórdia,15863: R São Paulo (Ambos (->)(218->226): Cc da Bica Grande - R Moeda),Lixos,CV0240,240,1,240
-9.14664843006564,38.7084822125522,556,Misericórdia,15863: R São Paulo (Ambos (->)(218->226): Cc da Bica Grande - R Moeda),Lixos,CV0140,140,1,140
-9.14695866414731,38.7084705102342,563,Misericórdia,15864: R São Paulo (Ambos (91->129)(228->260): R Moeda - R da Boavista),Lixos,CV0240,240,4,960
-9.14695866414731,38.7084705102342,564,Misericórdia,15864: R São Paulo (Ambos (91->129)(228->260): R Moeda - R da Boavista),Lixos,CV0140,140,4,560
-9.14695866414731,38.7084705102342,557,Misericórdia,15864: R São Paulo (Ambos (91->129)(228->260): R Moeda - R da Boavista),Lixos,CV0090,90,1,90
-9.14695866414731,38.7084705102342,558,Misericórdia,15864: R São Paulo (Ambos (91->129)(228->260): R Moeda - R da Boavista),Lixos,CV0120,120,1,120
-9.14695866414731,38.7084705102342,559,Misericórdia,15864: R São Paulo (Ambos (91->129)(228->260): R Moeda - R da Boavista),Lixos,CV0240,240,4,960
-9.14695866414731,38.7084705102342,560,Misericórdia,15864: R São Paulo (Ambos (91->129)(228->260): R Moeda - R da Boavista),Lixos,CV0140,140,4,560
-9.14695866414731,38.7084705102342,561,Misericórdia,15864: R São Paulo (Ambos (91->129)(228->260): R Moeda - R da Boavista),Lixos,CV0090,90,1,90
-9.14695866414731,38.7084705102342,562,Misericórdia,15864: R São Paulo (Ambos (91->129)(228->260): R Moeda - R da Boavista),Lixos,CV0120,120,1,120
-9.14428821714939,38.7074217423076,565,Misericórdia,15865: R Nova do Carvalho (Ambos (63->81)(58->78): Pc São Paulo - Tv dos Remolares),Lixos,CV0120,120,1,120
-9.14428821714939,38.7074217423076,566,Misericórdia,15865: R Nova do Carvalho (Ambos (63->81)(58->78): Pc São Paulo - Tv dos Remolares),Lixos,CV0140,140,2,280
-9.14428821714939,38.7074217423076,567,Misericórdia,15865: R Nova do Carvalho (Ambos (63->81)(58->78): Pc São Paulo - Tv dos Remolares),Lixos,CV0240,240,4,960
-9.14428821714939,38.7074217423076,568,Misericórdia,15865: R Nova do Carvalho (Ambos (63->81)(58->78): Pc São Paulo - Tv dos Remolares),Lixos,CV0120,120,1,120
-9.14428821714939,38.7074217423076,569,Misericórdia,15865: R Nova do Carvalho (Ambos (63->81)(58->78): Pc São Paulo - Tv dos Remolares),Lixos,CV0140,140,2,280
-9.14428821714939,38.7074217423076,570,Misericórdia,15865: R Nova do Carvalho (Ambos (63->81)(58->78): Pc São Paulo - Tv dos Remolares),Lixos,CV0240,240,4,960
-9.14428821714939,38.7074217423076,571,Misericórdia,15865: R Nova do Carvalho (Ambos (63->81)(58->78): Pc São Paulo - Tv dos Remolares),Papel e Cartão,CV0140,140,1,140
-9.14428821714939,38.7074217423076,572,Misericórdia,15865: R Nova do Carvalho (Ambos (63->81)(58->78): Pc São Paulo - Tv dos Remolares),Papel e Cartão,CV0240,240,1,240
-9.14381451843206,38.7072546959625,573,Misericórdia,15866: R Nova do Carvalho (Ambos (33->55)(26->56): Tv dos Remolares - R do Alecrim),Lixos,CV0140,140,1,140
-9.14381451843206,38.7072546959625,574,Misericórdia,15866: R Nova do Carvalho (Ambos (33->55)(26->56): Tv dos Remolares - R do Alecrim),Lixos,CV0240,240,11,2640
-9.14381451843206,38.7072546959625,575,Misericórdia,15866: R Nova do Carvalho (Ambos (33->55)(26->56): Tv dos Remolares - R do Alecrim),Lixos,CV0140,140,1,140
-9.14381451843206,38.7072546959625,576,Misericórdia,15866: R Nova do Carvalho (Ambos (33->55)(26->56): Tv dos Remolares - R do Alecrim),Lixos,CV0240,240,11,2640
-9.14381451843206,38.7072546959625,577,Misericórdia,15866: R Nova do Carvalho (Ambos (33->55)(26->56): Tv dos Remolares - R do Alecrim),Papel e Cartão,CV0240,240,2,480
-9.14319266057494,38.7071790073949,578,Misericórdia,15867: R Nova do Carvalho (Ambos (1->29)(2->24): R do Alecrim - Tv Corpo Santo),Lixos,CV0090,90,2,180
-9.14319266057494,38.7071790073949,579,Misericórdia,15867: R Nova do Carvalho (Ambos (1->29)(2->24): R do Alecrim - Tv Corpo Santo),Lixos,CV0240,240,3,720
-9.14319266057494,38.7071790073949,580,Misericórdia,15867: R Nova do Carvalho (Ambos (1->29)(2->24): R do Alecrim - Tv Corpo Santo),Lixos,CV0140,140,3,420
-9.14319266057494,38.7071790073949,581,Misericórdia,15867: R Nova do Carvalho (Ambos (1->29)(2->24): R do Alecrim - Tv Corpo Santo),Lixos,CV0090,90,2,180
-9.14319266057494,38.7071790073949,582,Misericórdia,15867: R Nova do Carvalho (Ambos (1->29)(2->24): R do Alecrim - Tv Corpo Santo),Lixos,CV0240,240,3,720
-9.14319266057494,38.7071790073949,583,Misericórdia,15867: R Nova do Carvalho (Ambos (1->29)(2->24): R do Alecrim - Tv Corpo Santo),Lixos,CV0140,140,3,420
-9.14402783597271,38.7068925345681,584,Misericórdia,15868: R Remolares (Ambos (1->23)(2->26): Pc Duque da Terceira - Tv dos Remolares),Lixos,CV0090,90,1,90
-9.14402783597271,38.7068925345681,585,Misericórdia,15868: R Remolares (Ambos (1->23)(2->26): Pc Duque da Terceira - Tv dos Remolares),Lixos,CV0240,240,5,1200
-9.14402783597271,38.7068925345681,586,Misericórdia,15868: R Remolares (Ambos (1->23)(2->26): Pc Duque da Terceira - Tv dos Remolares),Lixos,CV0140,140,5,700
-9.14402783597271,38.7068925345681,587,Misericórdia,15868: R Remolares (Ambos (1->23)(2->26): Pc Duque da Terceira - Tv dos Remolares),Lixos,CV0090,90,1,90
-9.14402783597271,38.7068925345681,588,Misericórdia,15868: R Remolares (Ambos (1->23)(2->26): Pc Duque da Terceira - Tv dos Remolares),Lixos,CV0240,240,5,1200
-9.14402783597271,38.7068925345681,589,Misericórdia,15868: R Remolares (Ambos (1->23)(2->26): Pc Duque da Terceira - Tv dos Remolares),Lixos,CV0140,140,5,700
-9.14402783597271,38.7068925345681,590,Misericórdia,15868: R Remolares (Ambos (1->23)(2->26): Pc Duque da Terceira - Tv dos Remolares),Papel e Cartão,CV0140,140,2,280
-9.14447892499263,38.7070868003123,591,Misericórdia,15869: R Remolares (Ambos (25->41)(28->48): Tv dos Remolares - Tv Ribeira Nova),Lixos,CV0140,140,4,560
-9.14447892499263,38.7070868003123,592,Misericórdia,15869: R Remolares (Ambos (25->41)(28->48): Tv dos Remolares - Tv Ribeira Nova),Lixos,CV0120,120,2,240
-9.14447892499263,38.7070868003123,593,Misericórdia,15869: R Remolares (Ambos (25->41)(28->48): Tv dos Remolares - Tv Ribeira Nova),Lixos,CV0140,140,4,560
-9.14447892499263,38.7070868003123,594,Misericórdia,15869: R Remolares (Ambos (25->41)(28->48): Tv dos Remolares - Tv Ribeira Nova),Lixos,CV0120,120,2,240
-9.14441649477531,38.7067360350326,602,Misericórdia,15871: Tv dos Remolares (Ambos (->)(->): Av 24 de Julho - R Remolares),Lixos,CV0240,240,1,240
-9.14441649477531,38.7067360350326,603,Misericórdia,15871: Tv dos Remolares (Ambos (->)(->): Av 24 de Julho - R Remolares),Lixos,CV0240,240,1,240
-9.14416983805955,38.7071795562796,611,Misericórdia,15873: Tv dos Remolares (Ambos (->)(->): R Nova do Carvalho - R Nova do Carvalho),Lixos,CV0140,140,2,280
-9.14416983805955,38.7071795562796,612,Misericórdia,15873: Tv dos Remolares (Ambos (->)(->): R Nova do Carvalho - R Nova do Carvalho),Lixos,CV0240,240,1,240
-9.14416983805955,38.7071795562796,613,Misericórdia,15873: Tv dos Remolares (Ambos (->)(->): R Nova do Carvalho - R Nova do Carvalho),Lixos,CV0120,120,1,120
-9.14416983805955,38.7071795562796,614,Misericórdia,15873: Tv dos Remolares (Ambos (->)(->): R Nova do Carvalho - R Nova do Carvalho),Lixos,CV0140,140,2,280
-9.14416983805955,38.7071795562796,615,Misericórdia,15873: Tv dos Remolares (Ambos (->)(->): R Nova do Carvalho - R Nova do Carvalho),Lixos,CV0240,240,1,240
-9.14416983805955,38.7071795562796,616,Misericórdia,15873: Tv dos Remolares (Ambos (->)(->): R Nova do Carvalho - R Nova do Carvalho),Lixos,CV0120,120,1,120
-9.14401335962188,38.7074961856438,617,Misericórdia,15875: Tv dos Remolares (Ambos (->)(->): R São Paulo - R Nova do Carvalho),Lixos,CV0090,90,1,90
-9.14401335962188,38.7074961856438,618,Misericórdia,15875: Tv dos Remolares (Ambos (->)(->): R São Paulo - R Nova do Carvalho),Lixos,CV0240,240,1,240
-9.14401335962188,38.7074961856438,619,Misericórdia,15875: Tv dos Remolares (Ambos (->)(->): R São Paulo - R Nova do Carvalho),Lixos,CV0140,140,1,140
-9.14401335962188,38.7074961856438,620,Misericórdia,15875: Tv dos Remolares (Ambos (->)(->): R São Paulo - R Nova do Carvalho),Lixos,CV0090,90,1,90
-9.14401335962188,38.7074961856438,621,Misericórdia,15875: Tv dos Remolares (Ambos (->)(->): R São Paulo - R Nova do Carvalho),Lixos,CV0240,240,1,240
-9.14401335962188,38.7074961856438,622,Misericórdia,15875: Tv dos Remolares (Ambos (->)(->): R São Paulo - R Nova do Carvalho),Lixos,CV0140,140,1,140
-9.14404732851606,38.7058294413797,623,Misericórdia,15876: Cais do Sodré (Ambos (->)(8->): Av 24 de Julho - R Cintura (Santos)),Lixos,CV0240,240,7,1680
-9.14324233291858,38.7058093867279,624,Misericórdia,15877: Cais do Sodré (Ambos (->)(->): R Cintura (Santos) - Pc Duque da Terceira),Lixos,CV0240,240,1,240
-9.14281417070135,38.7064256244632,625,Misericórdia,15878: Cais do Sodré (Ambos (->)(10->46): Pc Duque da Terceira - Tv Corpo Santo),Lixos,CV0240,240,1,240
-9.14281417070135,38.7064256244632,626,Misericórdia,15878: Cais do Sodré (Ambos (->)(10->46): Pc Duque da Terceira - Tv Corpo Santo),Lixos,CV0140,140,1,140
-9.14281417070135,38.7064256244632,627,Misericórdia,15878: Cais do Sodré (Ambos (->)(10->46): Pc Duque da Terceira - Tv Corpo Santo),Lixos,CV0240,240,1,240
-9.14281417070135,38.7064256244632,628,Misericórdia,15878: Cais do Sodré (Ambos (->)(10->46): Pc Duque da Terceira - Tv Corpo Santo),Lixos,CV0140,140,1,140
-9.14222984894838,38.7065657946941,629,Misericórdia,15879: Cais do Sodré (Ambos (->)(2->16): Tv Corpo Santo - Lg Corpo Santo),Lixos,CV0140,140,2,280
-9.14222984894838,38.7065657946941,630,Misericórdia,15879: Cais do Sodré (Ambos (->)(2->16): Tv Corpo Santo - Lg Corpo Santo),Lixos,CV0140,140,2,280
-9.14222984894838,38.7065657946941,631,Misericórdia,15879: Cais do Sodré (Ambos (->)(2->16): Tv Corpo Santo - Lg Corpo Santo),Papel e Cartão,CV0140,140,1,140
-9.14622006213417,38.7082697430488,632,Misericórdia,15880: Bc da Moeda (Ambos (->)(4->6): R São Paulo - R São Paulo),Lixos,CV0090,90,1,90
-9.14622006213417,38.7082697430488,633,Misericórdia,15880: Bc da Moeda (Ambos (->)(4->6): R São Paulo - R São Paulo),Lixos,CV0090,90,1,90
-9.14956443154647,38.7090063348014,634,Misericórdia,"15881: Pto Galega (Rua da Boavista, 118) (Ambos (->)(18->): R da Boavista - R da Boavista)",Lixos,CV0240,240,1,240
-9.15059949287472,38.709033347926,635,Misericórdia,15882: Bc da Boavista (Ambos (->)(4->10): R da Boavista - R da Boavista),Lixos,CV0140,140,1,140
-9.15059949287472,38.709033347926,636,Misericórdia,15882: Bc da Boavista (Ambos (->)(4->10): R da Boavista - R da Boavista),Lixos,CV0090,90,1,90
-9.1446205470921,38.7073467997814,637,Misericórdia,15883: Tv Ribeira Nova (Ambos (->)(->): R Remolares - R Nova do Carvalho),Lixos,CV0090,90,1,90
-9.1446205470921,38.7073467997814,638,Misericórdia,15883: Tv Ribeira Nova (Ambos (->)(->): R Remolares - R Nova do Carvalho),Lixos,CV0090,90,1,90
-9.14476400355141,38.7069221884751,639,Misericórdia,15884: Pc Ribeira Nova (Ambos (->)(2->18): Av 24 de Julho - R Ribeira Nova),Lixos,CV0240,240,1,240
-9.14476400355141,38.7069221884751,640,Misericórdia,15884: Pc Ribeira Nova (Ambos (->)(2->18): Av 24 de Julho - R Ribeira Nova),Lixos,CV0240,240,1,240
-9.14476400355141,38.7069221884751,641,Misericórdia,15884: Pc Ribeira Nova (Ambos (->)(2->18): Av 24 de Julho - R Ribeira Nova),Papel e Cartão,CA1100,1100,1,1100
-9.14508822170713,38.7079012322757,642,Misericórdia,15885: Pc São Paulo (Ambos (->)(->): R São Paulo - Tv Carvalho),Lixos,CV0240,240,1,240
-9.14508822170713,38.7079012322757,643,Misericórdia,15885: Pc São Paulo (Ambos (->)(->): R São Paulo - Tv Carvalho),Lixos,CV0240,240,1,240
-9.14488886847759,38.7076237175904,644,Misericórdia,15886: Pc São Paulo (Ambos (1->9)(4->8): Tv Carvalho - Tv Ribeira Nova),Lixos,CV0140,140,4,560
-9.14488886847759,38.7076237175904,645,Misericórdia,15886: Pc São Paulo (Ambos (1->9)(4->8): Tv Carvalho - Tv Ribeira Nova),Lixos,CV0240,240,1,240
-9.14488886847759,38.7076237175904,646,Misericórdia,15886: Pc São Paulo (Ambos (1->9)(4->8): Tv Carvalho - Tv Ribeira Nova),Papel e Cartão,CV0140,140,1,140
-9.14447518350945,38.7076363096132,647,Misericórdia,15887: Pc São Paulo (Ambos (17->19)(16->18): Tv Ribeira Nova - R São Paulo),Lixos,CV0240,240,1,240
-9.14447518350945,38.7076363096132,648,Misericórdia,15887: Pc São Paulo (Ambos (17->19)(16->18): Tv Ribeira Nova - R São Paulo),Lixos,CV0240,240,1,240
-9.14329884772974,38.7065565483955,649,Misericórdia,15888: Pc Duque da Terceira (Ambos (->)(24->): Cais do Sodré - R Bernardino da Costa),Lixos,CV0240,240,2,480
-9.14329884772974,38.7065565483955,650,Misericórdia,15888: Pc Duque da Terceira (Ambos (->)(24->): Cais do Sodré - R Bernardino da Costa),Papel e Cartão,CV0240,240,1,240
-9.14340471238935,38.7067267810448,651,Misericórdia,15889: Pc Duque da Terceira (Ambos (15->19)(14->18): R Bernardino da Costa - R do Alecrim),Lixos,CV0140,140,2,280
-9.14340471238935,38.7067267810448,652,Misericórdia,15889: Pc Duque da Terceira (Ambos (15->19)(14->18): R Bernardino da Costa - R do Alecrim),Lixos,CV0090,90,1,90
-9.14340471238935,38.7067267810448,653,Misericórdia,15889: Pc Duque da Terceira (Ambos (15->19)(14->18): R Bernardino da Costa - R do Alecrim),Lixos,CV0120,120,1,120
-9.14340471238935,38.7067267810448,654,Misericórdia,15889: Pc Duque da Terceira (Ambos (15->19)(14->18): R Bernardino da Costa - R do Alecrim),Lixos,CV0140,140,2,280
-9.14340471238935,38.7067267810448,655,Misericórdia,15889: Pc Duque da Terceira (Ambos (15->19)(14->18): R Bernardino da Costa - R do Alecrim),Lixos,CV0090,90,1,90
-9.14340471238935,38.7067267810448,656,Misericórdia,15889: Pc Duque da Terceira (Ambos (15->19)(14->18): R Bernardino da Costa - R do Alecrim),Lixos,CV0120,120,1,120
-9.14340471238935,38.7067267810448,657,Misericórdia,15889: Pc Duque da Terceira (Ambos (15->19)(14->18): R Bernardino da Costa - R do Alecrim),Papel e Cartão,CV0140,140,2,280
-9.14361174262131,38.7067339965055,658,Misericórdia,15890: Pc Duque da Terceira (Ambos (9->13)(->): R do Alecrim - R Remolares),Lixos,CV0090,90,1,90
-9.14361174262131,38.7067339965055,659,Misericórdia,15890: Pc Duque da Terceira (Ambos (9->13)(->): R do Alecrim - R Remolares),Lixos,CV0140,140,4,560
-9.14361174262131,38.7067339965055,660,Misericórdia,15890: Pc Duque da Terceira (Ambos (9->13)(->): R do Alecrim - R Remolares),Lixos,CV0090,90,1,90
-9.14361174262131,38.7067339965055,661,Misericórdia,15890: Pc Duque da Terceira (Ambos (9->13)(->): R do Alecrim - R Remolares),Lixos,CV0140,140,4,560
-9.1437590142256,38.7065795884311,662,Misericórdia,15891: Pc Duque da Terceira (Ambos (1->)(2->4): R Remolares - Av 24 de Julho),Lixos,CV0140,140,2,280
-9.1437590142256,38.7065795884311,663,Misericórdia,15891: Pc Duque da Terceira (Ambos (1->)(2->4): R Remolares - Av 24 de Julho),Lixos,CV0140,140,2,280
-9.1437590142256,38.7065795884311,664,Misericórdia,15891: Pc Duque da Terceira (Ambos (1->)(2->4): R Remolares - Av 24 de Julho),Papel e Cartão,CV0240,240,1,240
-9.14200502758224,38.7069280516782,333,Misericórdia,15892: Lg Corpo Santo (Ambos (->)(2->6): Cais do Sodré - R Arsenal),Lixos,CV0140,140,1,140
-9.14201010036865,38.7072883208907,334,Misericórdia,15893: Lg Corpo Santo (Ambos (13->)(10->28): R Arsenal - Cc do Ferragial),Lixos,CV0090,90,1,90
-9.14201010036865,38.7072883208907,335,Misericórdia,15893: Lg Corpo Santo (Ambos (13->)(10->28): R Arsenal - Cc do Ferragial),Lixos,CV0140,140,4,560
-9.14201010036865,38.7072883208907,336,Misericórdia,15893: Lg Corpo Santo (Ambos (13->)(10->28): R Arsenal - Cc do Ferragial),Lixos,CV0240,240,2,480
-9.14201010036865,38.7072883208907,337,Misericórdia,15893: Lg Corpo Santo (Ambos (13->)(10->28): R Arsenal - Cc do Ferragial),Lixos,CV0090,90,1,90
-9.14201010036865,38.7072883208907,338,Misericórdia,15893: Lg Corpo Santo (Ambos (13->)(10->28): R Arsenal - Cc do Ferragial),Lixos,CV0140,140,4,560
-9.14201010036865,38.7072883208907,339,Misericórdia,15893: Lg Corpo Santo (Ambos (13->)(10->28): R Arsenal - Cc do Ferragial),Lixos,CV0240,240,2,480
-9.1420813502454,38.7074498453842,342,Misericórdia,15894: Lg Corpo Santo (Ambos (15->23)(14->22): Cc do Ferragial - R Corpo Santo),Lixos,CV0240,240,1,240
-9.1420813502454,38.7074498453842,343,Misericórdia,15894: Lg Corpo Santo (Ambos (15->23)(14->22): Cc do Ferragial - R Corpo Santo),Lixos,CV0140,140,2,280
-9.1420813502454,38.7074498453842,344,Misericórdia,15894: Lg Corpo Santo (Ambos (15->23)(14->22): Cc do Ferragial - R Corpo Santo),Lixos,CV0240,240,1,240
-9.1420813502454,38.7074498453842,340,Misericórdia,15894: Lg Corpo Santo (Ambos (15->23)(14->22): Cc do Ferragial - R Corpo Santo),Lixos,CV0140,140,2,280
-9.1420813502454,38.7074498453842,341,Misericórdia,15894: Lg Corpo Santo (Ambos (15->23)(14->22): Cc do Ferragial - R Corpo Santo),Papel e Cartão,CV0240,240,1,240
-9.14986368552042,38.7090307521821,345,Misericórdia,15896: Bc Francisco André (Ambos (3->)(->): R da Boavista - R da Boavista),Lixos,CV0140,140,1,140
-9.14534815013291,38.7075837039225,346,Misericórdia,15897: Tv de São Paulo (Ambos (->)(->): Pc São Paulo - R Ribeira Nova),Lixos,CV0140,140,2,280
-9.14534815013291,38.7075837039225,347,Misericórdia,15897: Tv de São Paulo (Ambos (->)(->): Pc São Paulo - R Ribeira Nova),Lixos,CV0240,240,1,240
-9.14534815013291,38.7075837039225,348,Misericórdia,15897: Tv de São Paulo (Ambos (->)(->): Pc São Paulo - R Ribeira Nova),Lixos,CV0140,140,2,280
-9.14534815013291,38.7075837039225,349,Misericórdia,15897: Tv de São Paulo (Ambos (->)(->): Pc São Paulo - R Ribeira Nova),Lixos,CV0240,240,1,240
-9.14534815013291,38.7075837039225,350,Misericórdia,15897: Tv de São Paulo (Ambos (->)(->): Pc São Paulo - R Ribeira Nova),Papel e Cartão,CV0140,140,1,140
-9.14437680001953,38.7063670578938,351,Misericórdia,15898: Av 24 de Julho (Impar (1->)(->): Pc Duque da Terceira - Tv dos Remolares),Lixos,CV0090,90,1,90
-9.14437680001953,38.7063670578938,352,Misericórdia,15898: Av 24 de Julho (Impar (1->)(->): Pc Duque da Terceira - Tv dos Remolares),Lixos,CV0240,240,1,240
-9.14437680001953,38.7063670578938,353,Misericórdia,15898: Av 24 de Julho (Impar (1->)(->): Pc Duque da Terceira - Tv dos Remolares),Lixos,CV0140,140,1,140
-9.14473414894124,38.7064360246404,354,Misericórdia,15899: Av 24 de Julho (Par (->)(2->): Tv dos Remolares - Pc Ribeira Nova),Lixos,CV0140,140,1,140
-9.14751690960422,38.7146089969724,43,Misericórdia,"19365: R O Século, 150",Papel e Cartão,CV0240,240,2,480
-9.14751690960422,38.7146089969724,42,Misericórdia,"19365: R O Século, 150",Vidro,CV0240,240,1,240
-9.14751690960422,38.7146089969724,41,Misericórdia,"19365: R O Século, 150",Embalagens,CV0240,240,2,480
-9.14751690960422,38.7146089969724,40,Misericórdia,"19365: R O Século, 150",Lixos,CV0240,240,4,960
-9.14751690960422,38.7146089969724,39,Misericórdia,"19365: R O Século, 150",Lixos,CV0240,240,4,960
-9.15186340541146,38.7154539083141,133,Misericórdia,"19216: R Marcos Portugal, Muro do Lg Agostinho da Silva",Papel e Cartão,CV0240,240,1,240
-9.15186340541146,38.7154539083141,134,Misericórdia,"19216: R Marcos Portugal, Muro do Lg Agostinho da Silva",Papel e Cartão,CV0240,240,1,240
-9.15186340541146,38.7154539083141,135,Misericórdia,"19216: R Marcos Portugal, Muro do Lg Agostinho da Silva",Embalagens,CV0240,240,1,240
-9.15186340541146,38.7154539083141,136,Misericórdia,"19216: R Marcos Portugal, Muro do Lg Agostinho da Silva",Lixos,CV0240,240,1,240
-9.15186340541146,38.7154539083141,137,Misericórdia,"19216: R Marcos Portugal, Muro do Lg Agostinho da Silva",Lixos,CV0240,240,1,240
-9.15186340541146,38.7154539083141,138,Misericórdia,"19216: R Marcos Portugal, Muro do Lg Agostinho da Silva",Vidro,CV0240,240,1,240
-9.15186340541146,38.7154539083141,139,Misericórdia,"19216: R Marcos Portugal, Muro do Lg Agostinho da Silva",Embalagens,CV0240,240,1,240
-9.14754956156816,38.7112307798315,210,Misericórdia,"19280: Tv André Valente, jt silo",Papel e Cartão,CV0240,240,3,720
-9.14754956156816,38.7112307798315,209,Misericórdia,"19280: Tv André Valente, jt silo",Lixos,CV0240,240,9,2160
-9.14754956156816,38.7112307798315,208,Misericórdia,"19280: Tv André Valente, jt silo",Embalagens,CV0240,240,2,480
-9.14754956156816,38.7112307798315,211,Misericórdia,"19280: Tv André Valente, jt silo",Lixos,CV0240,240,9,2160
-9.14754956156816,38.7112307798315,207,Misericórdia,"19280: Tv André Valente, jt silo",Vidro,CV0240,240,1,240
-9.14422400736949,38.7069448834987,233,Misericórdia,"19301: R Remolares, Crzt Tv Remolares",Vidro,VSP,1500,1,1500
-9.14422400736949,38.7069448834987,234,Misericórdia,"19301: R Remolares, Crzt Tv Remolares",Vidro,VSP,1500,1,1500
-9.14440731848469,38.7101590906286,265,Misericórdia,"19315: R Emenda, 100",Vidro,CV0140,140,1,140
-9.14490054388133,38.7108934583781,231,Misericórdia,"19300: R Salgadeiras, SFC CZT  R. da Atalaia",Lixos,CV0240,240,2,480
-9.14490054388133,38.7108934583781,232,Misericórdia,"19300: R Salgadeiras, SFC CZT  R. da Atalaia",Lixos,CV0240,240,2,480
-9.14388063353866,38.7094970732753,66,Misericórdia,"19407: Tv Guilherme Cossoul, 10",Papel e Cartão,CV0240,240,1,240
-9.14388063353866,38.7094970732753,67,Misericórdia,"19407: Tv Guilherme Cossoul, 10",Embalagens,CV0240,240,1,240
-9.1513885505624,38.7087382169296,214,Misericórdia,"19282: Lg Conde-Barão, 19",Papel e Cartão,CV0140,140,1,140
-9.1513885505624,38.7087382169296,213,Misericórdia,"19282: Lg Conde-Barão, 19",Embalagens,CV0140,140,1,140
-9.1531085611251,38.713272150325,180,Misericórdia,"19257: R São Bento, 212",Vidro,CV0140,140,2,280
-9.1531085611251,38.713272150325,181,Misericórdia,"19257: R São Bento, 212",Vidro,CV0140,140,2,280
-9.1531085611251,38.713272150325,182,Misericórdia,"19257: R São Bento, 212",Vidro,CV0140,140,2,280
-9.15311830964257,38.7163797615419,225,Misericórdia,"19293: R Imprensa Nacional, 46",Vidro,CV0140,140,1,140
-9.14226074740088,38.7079437265862,245,Misericórdia,"19310: R Vitor Cordon, 43",Vidro,CV0240,240,1,240
-9.14481349084208,38.7079846835909,267,Misericórdia,"19319: R São Paulo, 108",Embalagens,CV0140,140,1,140
-9.15360843944475,38.7144658214995,163,Misericórdia,"19236: R São Bento, 318",Vidro,CV0140,140,1,140
-9.15360843944475,38.7144658214995,164,Misericórdia,"19236: R São Bento, 318",Organicos,CV0140,140,1,140
-9.14460348898318,38.7142829757734,227,Misericórdia,"19295: R Teixeira, 1",Vidro,CV0140,140,1,140
-9.14464751990681,38.7108866428877,48,Misericórdia,"19371: R Salgadeiras, SFC Jt 11",Lixos,CV0240,240,3,720
-9.14464751990681,38.7108866428877,47,Misericórdia,"19371: R Salgadeiras, SFC Jt 11",Lixos,CV0240,240,3,720
-9.15242517945081,38.7096839983153,121,Misericórdia,"19390: R Poço dos Negros, crzt R São Bento",Lixos,CV0240,240,3,720
-9.15242517945081,38.7096839983153,122,Misericórdia,"19390: R Poço dos Negros, crzt R São Bento",Lixos,CV0240,240,3,720
-9.15305561262562,38.7119754868767,205,Misericórdia,"19278: R Correia Garção, 3",Vidro,CV0240,240,1,240
-9.15305561262562,38.7119754868767,206,Misericórdia,"19278: R Correia Garção, 3",Organicos,CV0240,240,1,240
-9.14301166531656,38.7073877536231,85,Misericórdia,"19415: R São Paulo, 14 a 16",Embalagens,CV0140,140,1,140
-9.14385688118425,38.7094432317241,290,Misericórdia,"19337: Tv Guilherme Cossoul, 11",Vidro,CV0140,140,1,140
-9.14385688118425,38.7094432317241,291,Misericórdia,"19337: Tv Guilherme Cossoul, 11",Papel e Cartão,CV0140,140,1,140
-9.14385688118425,38.7094432317241,292,Misericórdia,"19337: Tv Guilherme Cossoul, 11",Embalagens,CV0140,140,1,140
-9.15264387969663,38.7105108085557,692,Misericórdia,"21843: R São Bento, 15",Organicos,CV0090,90,1,90
-9.15264387969663,38.7105108085557,693,Misericórdia,"21843: R São Bento, 15",Vidro,CV0090,90,1,90
-9.15130039259538,38.7122430297428,694,Misericórdia,"21844: R Cruz dos Poiais de São Bento, Crt R das Parreiras",Papel e Cartão,CV0240,240,1,240
-9.15130039259538,38.7122430297428,695,Misericórdia,"21844: R Cruz dos Poiais de São Bento, Crt R das Parreiras",Papel e Cartão,CV0240,240,1,240
-9.15130039259538,38.7122430297428,696,Misericórdia,"21844: R Cruz dos Poiais de São Bento, Crt R das Parreiras",Embalagens,CV0240,240,1,240
-9.15130039259538,38.7122430297428,697,Misericórdia,"21844: R Cruz dos Poiais de São Bento, Crt R das Parreiras",Lixos,CV0240,240,1,240
-9.15130039259538,38.7122430297428,698,Misericórdia,"21844: R Cruz dos Poiais de São Bento, Crt R das Parreiras",Vidro,CV0240,240,1,240
-9.15130039259538,38.7122430297428,699,Misericórdia,"21844: R Cruz dos Poiais de São Bento, Crt R das Parreiras",Embalagens,CV0240,240,1,240
-9.15130039259538,38.7122430297428,700,Misericórdia,"21844: R Cruz dos Poiais de São Bento, Crt R das Parreiras",Lixos,CV0240,240,1,240
-9.14752862812709,38.7056911463271,938,Misericórdia,"21957: R da Cintura do Porto de Lisboa, 3154 Armazém B",Embalagens,CV0240,240,2,480
-9.14752862812709,38.7056911463271,939,Misericórdia,"21957: R da Cintura do Porto de Lisboa, 3154 Armazém B",Lixos,CV0240,240,1,240
-9.14752862812709,38.7056911463271,940,Misericórdia,"21957: R da Cintura do Porto de Lisboa, 3154 Armazém B",Vidro,CV0240,240,1,240
-9.1507756102811,38.7084823352254,944,Misericórdia,"21959: R Instituto Industrial, 7-7D",Lixos,CV0240,240,1,240
-9.1507756102811,38.7084823352254,945,Misericórdia,"21959: R Instituto Industrial, 7-7D",Embalagens,CV0240,240,2,480
-9.1507756102811,38.7084823352254,946,Misericórdia,"21959: R Instituto Industrial, 7-7D",Vidro,CV0140,140,4,560
-9.1507756102811,38.7084823352254,947,Misericórdia,"21959: R Instituto Industrial, 7-7D",Organicos,CV0240,240,3,720
-9.14605416845402,38.707919877341,843,Misericórdia,"21911: Tv Carvalho, frt nº 29",Papel e Cartão,ECIS3000,3000,2,6000
-9.14605416845402,38.707919877341,844,Misericórdia,"21911: Tv Carvalho, frt nº 29",Embalagens,ECIS3000,3000,2,6000
-9.14605416845402,38.707919877341,845,Misericórdia,"21911: Tv Carvalho, frt nº 29",Vidro,ECIS3000,3000,1,3000
-9.14605416845402,38.707919877341,846,Misericórdia,"21911: Tv Carvalho, frt nº 29",Lixos,ECIS3000,3000,2,6000
-9.14906797670637,38.7088575233976,921,Misericórdia,"21952: R da Boavista, 88-94",Papel e Cartão,CV0090,90,1,90
-9.14906797670637,38.7088575233976,922,Misericórdia,"21952: R da Boavista, 88-94",Organicos,CV0090,90,1,90
-9.14906797670637,38.7088575233976,923,Misericórdia,"21952: R da Boavista, 88-94",Vidro,CV0140,140,1,140
-9.14906797670637,38.7088575233976,924,Misericórdia,"21952: R da Boavista, 88-94",Embalagens,CV0090,90,1,90
-9.15158073972755,38.7077006401431,965,Misericórdia,"21969: R Dom Luís I, 34",Papel e Cartão,CV0240,240,1,240
-9.15158073972755,38.7077006401431,966,Misericórdia,"21969: R Dom Luís I, 34",Embalagens,CV0090,90,1,90
-9.14444160448415,38.7093300738379,715,Misericórdia,"21854: R Emenda, 41-43-45-47",Papel e Cartão,CV0140,140,1,140
-9.14444160448415,38.7093300738379,716,Misericórdia,"21854: R Emenda, 41-43-45-47",Vidro,CV0240,240,1,240
-9.14444160448415,38.7093300738379,717,Misericórdia,"21854: R Emenda, 41-43-45-47",Embalagens,CV0140,140,1,140
-9.14408342911238,38.7116481877359,897,Misericórdia,"21938: R Diário de Notícias, 40-A",Organicos,CV0240,240,1,240
-9.14329248945415,38.7077366293235,951,Misericórdia,"21961: R do Alecrim, 24",Embalagens,CV0090,90,1,90
-9.14731529890835,38.7117372535528,736,Misericórdia,"21866: R O Século, 12",Papel e Cartão,CV0090,90,1,90
-9.14731529890835,38.7117372535528,737,Misericórdia,"21866: R O Século, 12",Organicos,CV0090,90,1,90
-9.14731529890835,38.7117372535528,738,Misericórdia,"21866: R O Século, 12",Vidro,CV0090,90,1,90
-9.14731529890835,38.7117372535528,739,Misericórdia,"21866: R O Século, 12",Embalagens,CV0090,90,1,90
-9.14731529890835,38.7117372535528,740,Misericórdia,"21866: R O Século, 12",Lixos,CV0090,90,1,90
-9.14731529890835,38.7117372535528,741,Misericórdia,"21866: R O Século, 12",Lixos,CV0090,90,1,90
-9.14642470554241,38.7105469477308,959,Misericórdia,"21966: R Marechal Saldanha, 26-26/A",Lixos,CV0140,140,3,420
-9.14642470554241,38.7105469477308,960,Misericórdia,"21966: R Marechal Saldanha, 26-26/A",Lixos,CV0140,140,3,420
-9.14642470554241,38.7105469477308,961,Misericórdia,"21966: R Marechal Saldanha, 26-26/A",Organicos,CV0140,140,1,140
-9.14642470554241,38.7105469477308,962,Misericórdia,"21966: R Marechal Saldanha, 26-26/A",Vidro,CV0140,140,1,140
-9.14497783133511,38.7106675928332,963,Misericórdia,"21967: R Loreto, 57-59",Organicos,CV0140,140,1,140
-9.14323374592279,38.7076470601131,906,Misericórdia,"21944: R Ferragial, 33-B",Vidro,CV0240,240,1,240
-9.14323374592279,38.7076470601131,907,Misericórdia,"21944: R Ferragial, 33-B",Organicos,CV0240,240,1,240
-9.14841674214284,38.7075210227377,880,Misericórdia,"21932: R Dom Luís I, 7-9",Embalagens,CV0240,240,1,240
-9.14841674214284,38.7075210227377,881,Misericórdia,"21932: R Dom Luís I, 7-9",Papel e Cartão,CV0240,240,1,240
-9.14620232759384,38.7078285138109,789,Misericórdia,"21889: Tv Carvalho, 27-27/A",Vidro,CV0090,90,1,90
-9.14620232759384,38.7078285138109,790,Misericórdia,"21889: Tv Carvalho, 27-27/A",Vidro,CV0090,90,1,90
-9.14259782763484,38.7090217515467,869,Misericórdia,"21925: R António Maria Cardoso, 31/33/35",Papel e Cartão,CV0090,90,1,90
-9.14259782763484,38.7090217515467,870,Misericórdia,"21925: R António Maria Cardoso, 31/33/35",Lixos,CV0140,140,1,140
-9.14259782763484,38.7090217515467,871,Misericórdia,"21925: R António Maria Cardoso, 31/33/35",Lixos,CV0140,140,1,140
-9.14584574313843,38.7102547130905,874,Misericórdia,"21927: Tv Sequeiro, Jt 8",Lixos,CV0240,240,5,1200
-9.14584574313843,38.7102547130905,875,Misericórdia,"21927: Tv Sequeiro, Jt 8",Lixos,CV0240,240,5,1200
-9.14408457176942,38.7117292486178,898,Misericórdia,"21939: R Diário de Notícias, 40-B",Organicos,CV0240,240,1,240
-9.15225663484226,38.7140002169301,912,Misericórdia,"21949: R Quintinha, 70-B",Organicos,CV0140,140,1,140
-9.15225663484226,38.7140002169301,913,Misericórdia,"21949: R Quintinha, 70-B",Vidro,CV0140,140,1,140
